epoch,train_loss,val_loss,val_psnr,val_ssim
1,0.2750555978229009,0.1865627612934073,13.788303311929663,0.7227631780121831
2,0.11652546411505635,0.08571390532482709,18.605429130965742,0.8212477455989948
3,0.05980650453292644,0.05843612635160383,18.882624368944604,0.8304413643615375
4,0.03980200633387337,0.05003448295178997,18.823607535777747,0.832599590922787
5,0.03237897429489796,0.04438905492115812,18.885632518910768,0.8026774117560802
6,0.027713528136032697,0.05240462821641651,17.75701316659381,0.8167779356612209
7,0.028113602861819954,0.038620123137329626,19.33419985790965,0.8232458666647123
8,0.02796021269615064,0.04376981830556734,18.171817973441602,0.8362995190739138
9,0.02723172680484469,0.04153845759873816,18.640819810732765,0.8339826808430841
10,0.025641448801827324,0.03660043719305785,19.715713152746936,0.8133780473990064
11,0.025891163115452375,0.03703034162923261,19.540527470378954,0.796618276611898
12,0.024752248378731117,0.038421585367551976,19.42657333389852,0.8206125198558158
13,0.025317926392190816,0.03614793538166156,19.60573138636672,0.8322728948969069
14,0.023278642632067203,0.03572113790715507,19.62234647046481,0.8376357580121622
15,0.022610342309332496,0.03320601055808211,20.35728351703818,0.8113503943340412
16,0.023240762134203254,0.03488521757864111,20.061091616935254,0.8287179939974393
17,0.02120131433777357,0.03700157790154961,19.77698413563962,0.8256793952087149
18,0.022534707603358465,0.03447195677728203,19.93330663467344,0.8323167743029931
19,0.022465481320782105,0.046248951153945624,18.01517725584418,0.8378117376343344
20,0.022789672260785505,0.037080162177751175,19.540390813993714,0.836153224296095
21,0.0223773922609561,0.03667368240175282,19.6960952885418,0.8298858287918123
22,0.02200916197194375,0.03454670918278427,19.877810292224172,0.8408942101407347
23,0.02244612706904758,0.03662784209791803,19.740495024874992,0.8393143969452728
24,0.02050959713240709,0.03422802079592627,20.18992716444973,0.8430632597677935
25,0.02129473618190697,0.039107558390906245,19.10660766664877,0.8369046867635734
26,0.02083507513029047,0.0362650716978732,19.64980245724753,0.8433887340221168
27,0.020567414725628813,0.032342913800162645,20.522109827065368,0.8342460285083881
28,0.01994173815835827,0.034300817837513584,20.084827399352776,0.8027257345524071
29,0.02022496972672178,0.03343573281023636,20.24524642026276,0.8234688498667166
30,0.020526234208668916,0.03863222056930243,19.424733157969115,0.8447864149615972
31,0.020159588485878985,0.0427253960218296,18.740068498983423,0.8481231180958728
32,0.019289636546673514,0.03518576826513803,19.964251629049848,0.8243555579937345
33,0.019730538003378272,0.03310123272240162,20.304235486074106,0.8317216844974217
34,0.019474268017380156,0.03204678924545584,20.54686799583593,0.8318902627561102
35,0.019837239185719717,0.034584629318495264,20.12280083889783,0.8446382452343509
36,0.019482633128395505,0.04105879418180938,19.196281884221122,0.828869093255878
37,0.019073390517953225,0.03668702094664959,19.50738420921737,0.8488415467293925
38,0.018930170722209264,0.03613383085293023,19.78160828871351,0.8303975626146151
39,0.01861281590427663,0.033363747449120296,20.251161887932614,0.8365812170554988
40,0.019205294673239396,0.034782135055334736,19.82622977213246,0.8463618616840157
