step,epoch,batch,loss,l1,edge,vgg,psnr,ssim
20,1,20,0.5360581874847412,0.3721286356449127,0.327859103679657,0.0,8.76406478881836,0.3812479078769684
40,1,40,0.5382311940193176,0.34573954343795776,0.3849833011627197,0.0,8.852721214294434,0.39833328127861023
60,1,60,0.4250800609588623,0.3192689120769501,0.21162229776382446,0.0,9.702695846557617,0.5214089751243591
80,1,80,0.41969582438468933,0.27445873618125916,0.29047417640686035,0.0,10.90680980682373,0.5835722088813782
100,1,100,0.389436274766922,0.2553569972515106,0.26815855503082275,0.0,11.456164360046387,0.6744775772094727
120,1,120,0.4011072516441345,0.22044862806797028,0.3613172471523285,0.0,12.592229843139648,0.7335970997810364
140,1,140,0.3368624448776245,0.2301543802022934,0.21341609954833984,0.0,12.23098373413086,0.7713801264762878
160,1,160,0.2694115936756134,0.21319885551929474,0.11242547631263733,0.0,13.247055053710938,0.8451671600341797
180,1,180,0.32457298040390015,0.19611498713493347,0.25691598653793335,0.0,13.328723907470703,0.7908198833465576
200,1,200,0.281045138835907,0.18303073942661285,0.19602882862091064,0.0,14.048282623291016,0.8167166113853455
220,1,220,0.3024803102016449,0.17383702099323273,0.25728657841682434,0.0,14.427194595336914,0.814915657043457
240,1,240,0.29652923345565796,0.1759604513645172,0.2411375641822815,0.0,13.87036418914795,0.8049405217170715
260,1,260,0.28707075119018555,0.18314309418201447,0.20785529911518097,0.0,13.099299430847168,0.7827081680297852
280,1,280,0.2549528479576111,0.14754362404346466,0.21481841802597046,0.0,15.657923698425293,0.8413295745849609
300,1,300,0.27453893423080444,0.1458899974822998,0.2572978734970093,0.0,15.530858993530273,0.8524784445762634
320,1,320,0.22228586673736572,0.13973914086818695,0.16509346663951874,0.0,16.0904541015625,0.8925543427467346
340,2,18,0.21751277148723602,0.12344365566968918,0.1881382316350937,0.0,16.803897857666016,0.9167739748954773
360,2,38,0.2896077334880829,0.13985741138458252,0.29950064420700073,0.0,14.731120109558105,0.8161513209342957
380,2,58,0.19912882149219513,0.11889341473579407,0.16047081351280212,0.0,17.054161071777344,0.9113672375679016
400,2,78,0.19521549344062805,0.11599135398864746,0.15844827890396118,0.0,17.97502326965332,0.9026873707771301
420,2,98,0.20397593080997467,0.12594853341579437,0.1560547947883606,0.0,16.404163360595703,0.8707509636878967
440,2,118,0.24615240097045898,0.13103024661540985,0.23024430871009827,0.0,15.634883880615234,0.8344514966011047
460,2,138,0.2986334264278412,0.14676983654499054,0.3037271797657013,0.0,14.902563095092773,0.8004654049873352
480,2,158,0.22878870368003845,0.11542735248804092,0.22672271728515625,0.0,15.627973556518555,0.8634905815124512
500,2,178,0.15466660261154175,0.09795887023210526,0.11341547966003418,0.0,18.63629913330078,0.9201012253761292
520,2,198,0.14257456362247467,0.0859818309545517,0.11318546533584595,0.0,19.967519760131836,0.937243640422821
540,2,218,0.1356377750635147,0.0819833055138588,0.10730893909931183,0.0,20.59963607788086,0.9611349105834961
560,2,238,0.1727382242679596,0.0866343155503273,0.17220783233642578,0.0,19.260498046875,0.9196355938911438
580,2,258,0.18556395173072815,0.09072525054216385,0.1896774172782898,0.0,18.346908569335938,0.910396158695221
600,2,278,0.1775740385055542,0.08431050926446915,0.1865270733833313,0.0,19.339143753051758,0.8883259892463684
620,2,298,0.18016637861728668,0.07501964271068573,0.2102934718132019,0.0,19.4083194732666,0.8965827822685242
640,2,318,0.1193566620349884,0.06858409196138382,0.10154514014720917,0.0,22.047338485717773,0.952863872051239
660,3,16,0.14333131909370422,0.07112796604633331,0.14440670609474182,0.0,20.17734146118164,0.919818639755249
680,3,36,0.23163074254989624,0.10451678186655045,0.2542279362678528,0.0,18.280256271362305,0.8507310748100281
700,3,56,0.22918546199798584,0.08311989903450012,0.29213112592697144,0.0,16.86042022705078,0.8636703491210938
720,3,76,0.10665994882583618,0.059772081673145294,0.09377572685480118,0.0,21.874786376953125,0.9596006274223328
740,3,96,0.1855020970106125,0.07920876145362854,0.2125866711139679,0.0,17.29330062866211,0.8791972994804382
760,3,116,0.158377543091774,0.06447822600603104,0.1877986341714859,0.0,19.878971099853516,0.915780782699585
780,3,136,0.16825419664382935,0.06740061193704605,0.20170718431472778,0.0,18.97884750366211,0.8860123157501221
800,3,156,0.15813994407653809,0.06897084414958954,0.1783381849527359,0.0,18.595739364624023,0.9070785641670227
820,3,176,0.128726527094841,0.05617627874016762,0.14510048925876617,0.0,20.35831642150879,0.9268603920936584
840,3,196,0.09075954556465149,0.05120508745312691,0.07910891622304916,0.0,23.495101928710938,0.964043140411377
860,3,216,0.19698581099510193,0.09794752299785614,0.19807656109333038,0.0,19.335895538330078,0.8615913391113281
880,3,236,0.1563071608543396,0.05183769762516022,0.20893892645835876,0.0,20.01726531982422,0.92264324426651
900,3,256,0.1670903116464615,0.08250130712985992,0.16917800903320312,0.0,20.01708221435547,0.881188154220581
920,3,276,0.21296870708465576,0.0696614608168602,0.28661447763442993,0.0,17.95812225341797,0.867678701877594
940,3,296,0.1381794810295105,0.05328875780105591,0.16978144645690918,0.0,22.25139617919922,0.920426607131958
960,3,316,0.14250285923480988,0.047591183334589005,0.18982334434986115,0.0,20.325191497802734,0.9205532073974609
980,4,14,0.17801721394062042,0.056814830750226974,0.2424047738313675,0.0,18.299619674682617,0.8913155198097229
1000,4,34,0.14809909462928772,0.05826719477772713,0.17966380715370178,0.0,20.90762710571289,0.9135517477989197
1020,4,54,0.11850562691688538,0.044957030564546585,0.14709720015525818,0.0,21.663982391357422,0.9397026896476746
1040,4,74,0.10744544863700867,0.041784241795539856,0.13132241368293762,0.0,21.867202758789062,0.9432503581047058
1060,4,94,0.1739274561405182,0.055568352341651917,0.23671820759773254,0.0,21.92914390563965,0.8865723609924316
1080,4,114,0.11365916579961777,0.04663925617933273,0.13403981924057007,0.0,22.82107162475586,0.9513003826141357
1100,4,134,0.12490497529506683,0.04455794394016266,0.16069406270980835,0.0,21.178613662719727,0.9246014952659607
1120,4,154,0.1934814304113388,0.061331942677497864,0.2642989754676819,0.0,19.56880760192871,0.8659248948097229
1140,4,174,0.10822214186191559,0.04114048555493355,0.13416330516338348,0.0,25.409887313842773,0.9350574612617493
1160,4,194,0.1371295154094696,0.04800138995051384,0.17825624346733093,0.0,21.616256713867188,0.9068002700805664
1180,4,214,0.11278671771287918,0.03737330436706543,0.1508268266916275,0.0,23.610107421875,0.9361507296562195
1200,4,234,0.09931973367929459,0.046122826635837555,0.10639381408691406,0.0,24.0728759765625,0.9218824505805969
1220,4,254,0.11818962544202805,0.04109939932823181,0.15418045222759247,0.0,22.006940841674805,0.9302377700805664
1240,4,274,0.08856451511383057,0.034294430166482925,0.10854016244411469,0.0,24.109540939331055,0.965342104434967
1260,4,294,0.1392897367477417,0.040202368050813675,0.19817474484443665,0.0,22.2928524017334,0.9303760528564453
1280,4,314,0.11302238702774048,0.03549082204699516,0.15506312251091003,0.0,24.589523315429688,0.9469137191772461
1300,5,12,0.08858302235603333,0.03466236591339111,0.10784132033586502,0.0,24.138317108154297,0.9326756596565247
1320,5,32,0.1594102382659912,0.05524690821766853,0.20832666754722595,0.0,17.79232406616211,0.8886882662773132
1340,5,52,0.0879787802696228,0.028049396350979805,0.1198587715625763,0.0,25.293289184570312,0.9629883766174316
1360,5,72,0.08760461211204529,0.03638897463679314,0.1024312824010849,0.0,23.972972869873047,0.9346626400947571
1380,5,92,0.09671076387166977,0.029660113155841827,0.13410130143165588,0.0,25.77642822265625,0.9475041031837463
1400,5,112,0.0938960462808609,0.03105264902114868,0.12568679451942444,0.0,23.3332576751709,0.9339442253112793
1420,5,132,0.13330258429050446,0.04146910086274147,0.18366695940494537,0.0,21.696155548095703,0.9275067448616028
1440,5,152,0.10813797265291214,0.03159327059984207,0.15308940410614014,0.0,21.947437286376953,0.9382678866386414
1460,5,172,0.11618401110172272,0.03580540418624878,0.16075721383094788,0.0,22.783681869506836,0.9254449009895325
1480,5,192,0.15137268602848053,0.04580777511000633,0.2111298143863678,0.0,20.194095611572266,0.8904895782470703
1500,5,212,0.12386395037174225,0.03633865341544151,0.17505058646202087,0.0,20.009824752807617,0.9273366332054138
1520,5,232,0.11763922870159149,0.03257863596081734,0.1701211929321289,0.0,21.64608383178711,0.9284329414367676
1540,5,252,0.14423982799053192,0.045769061893224716,0.1969415247440338,0.0,19.436540603637695,0.8880434036254883
1560,5,272,0.11390787363052368,0.03837117552757263,0.1510733962059021,0.0,20.508678436279297,0.9228171706199646
1580,5,292,0.1469217836856842,0.04156965762376785,0.2107042521238327,0.0,21.268436431884766,0.8960708975791931
1600,5,312,0.06471151113510132,0.019763009622693062,0.08989700675010681,0.0,27.622562408447266,0.976540744304657
1620,6,10,0.08597425371408463,0.029981156811118126,0.1119861900806427,0.0,25.72610092163086,0.9318797588348389
1640,6,30,0.0897047147154808,0.028048137202858925,0.12331315129995346,0.0,24.165578842163086,0.9440615773200989
1660,6,50,0.16115330159664154,0.037901073694229126,0.24650445580482483,0.0,21.104209899902344,0.9035394787788391
1680,6,70,0.09182573854923248,0.024989362806081772,0.13367275893688202,0.0,24.663814544677734,0.9508783221244812
1700,6,90,0.10026562213897705,0.028401467949151993,0.1437283158302307,0.0,23.974699020385742,0.9555684924125671
1720,6,110,0.10129820555448532,0.0311142448335886,0.14036792516708374,0.0,23.72011947631836,0.9348041415214539
1740,6,130,0.08932465314865112,0.03511424735188484,0.10842080414295197,0.0,26.253026962280273,0.93380206823349
1760,6,150,0.05821897089481354,0.023237237706780434,0.0699634701013565,0.0,24.129581451416016,0.9724711775779724
1780,6,170,0.10186123847961426,0.03190188482403755,0.139918714761734,0.0,23.839874267578125,0.941223680973053
1800,6,190,0.05620822310447693,0.01705811731517315,0.07830020785331726,0.0,28.530242919921875,0.9789460301399231
1820,6,210,0.07397095859050751,0.024221953004598618,0.09949801862239838,0.0,23.74025535583496,0.9511033892631531
1840,6,230,0.179050475358963,0.05747879296541214,0.24314334988594055,0.0,16.9173526763916,0.8700461983680725
1860,6,250,0.15324361622333527,0.03579229116439819,0.23490265011787415,0.0,26.797061920166016,0.9007875919342041
1880,6,270,0.07883062213659286,0.021739577874541283,0.11418208479881287,0.0,26.821331024169922,0.9622673988342285
1900,6,290,0.1350630223751068,0.037108201533555984,0.19590964913368225,0.0,20.504913330078125,0.895989716053009
1920,6,310,0.1377486288547516,0.041757795959711075,0.19198167324066162,0.0,21.94835662841797,0.9097601771354675
1940,7,8,0.07769814878702164,0.02187928557395935,0.11163772642612457,0.0,26.064010620117188,0.9550693035125732
1960,7,28,0.12800545990467072,0.041812505573034286,0.17238590121269226,0.0,20.772705078125,0.9027034640312195
1980,7,48,0.09211380779743195,0.029504094272851944,0.1252194195985794,0.0,23.099002838134766,0.9495792388916016
2000,7,68,0.07043956965208054,0.02106579579412937,0.09874755144119263,0.0,23.97610092163086,0.9524259567260742
2020,7,88,0.07161346077919006,0.02056647650897503,0.10209396481513977,0.0,24.377309799194336,0.9631412625312805
2040,7,108,0.11402973532676697,0.03085801936686039,0.16634343564510345,0.0,20.99165153503418,0.9266424179077148
2060,7,128,0.0904649943113327,0.025983909144997597,0.1289621740579605,0.0,22.175365447998047,0.9512953758239746
2080,7,148,0.10353010147809982,0.04119013249874115,0.12467993795871735,0.0,22.72613525390625,0.9202709197998047
2100,7,168,0.10883193463087082,0.03261444717645645,0.15243497490882874,0.0,25.38226890563965,0.9242913126945496
2120,7,188,0.04866120219230652,0.013099031522870064,0.07112434506416321,0.0,31.447032928466797,0.9783292412757874
2140,7,208,0.08607485890388489,0.02087683230638504,0.1303960531949997,0.0,24.720348358154297,0.9465579390525818
2160,7,228,0.06371819972991943,0.018649699166417122,0.09013700485229492,0.0,26.972183227539062,0.9687709808349609
2180,7,248,0.07182929664850235,0.020324358716607094,0.10300987958908081,0.0,24.96637725830078,0.9531912803649902
2200,7,268,0.08780696988105774,0.023886511102318764,0.12784092128276825,0.0,21.666845321655273,0.9408473968505859
2220,7,288,0.09941330552101135,0.024320092052221298,0.1501864343881607,0.0,25.74563980102539,0.9322466254234314
2240,7,308,0.10468494892120361,0.025388646870851517,0.1585926115512848,0.0,27.445730209350586,0.9239798188209534
2260,8,6,0.09063739329576492,0.022113444283604622,0.1370479017496109,0.0,26.419086456298828,0.9549166560173035
2280,8,26,0.07407748699188232,0.018323654308915138,0.11150766909122467,0.0,26.857763290405273,0.9588772654533386
2300,8,46,0.11531911790370941,0.026704970747232437,0.17722828686237335,0.0,21.434398651123047,0.932640790939331
2320,8,66,0.08785121142864227,0.027145404368638992,0.12141162157058716,0.0,24.52387809753418,0.9535770416259766
2340,8,86,0.09730250388383865,0.025188036262989044,0.14422893524169922,0.0,23.270282745361328,0.9281134009361267
2360,8,106,0.10895667970180511,0.029566314071416855,0.15878072381019592,0.0,18.74155044555664,0.9172689914703369
2380,8,126,0.08422625064849854,0.024563372135162354,0.11932576447725296,0.0,23.880165100097656,0.95956951379776
2400,8,146,0.09937778860330582,0.023821091279387474,0.1511133909225464,0.0,21.710094451904297,0.9441940784454346
2420,8,166,0.10298937559127808,0.029813753440976143,0.14635124802589417,0.0,26.459457397460938,0.9223229885101318
2440,8,186,0.08732844889163971,0.0199592225253582,0.13473844528198242,0.0,22.276533126831055,0.9517776370048523
2460,8,206,0.11354333162307739,0.04153594747185707,0.14401477575302124,0.0,23.36703109741211,0.9288797378540039
2480,8,226,0.11191707104444504,0.025097260251641273,0.17363962531089783,0.0,21.21319580078125,0.9291970133781433
2500,8,246,0.08702314645051956,0.027067145332694054,0.11991199851036072,0.0,28.402990341186523,0.9510666728019714
2520,8,266,0.07112109661102295,0.01795584335923195,0.1063305139541626,0.0,27.778587341308594,0.9420878291130066
2540,8,286,0.06187739223241806,0.015910698100924492,0.09193339198827744,0.0,26.2144832611084,0.9700405597686768
2560,8,306,0.09033134579658508,0.023177873343229294,0.13430695235729218,0.0,24.988079071044922,0.9525938034057617
2580,9,4,0.10938998311758041,0.030350783839821815,0.1580784022808075,0.0,22.449234008789062,0.9068107604980469
2600,9,24,0.05243673175573349,0.01407514326274395,0.07672317326068878,0.0,26.320201873779297,0.9701626300811768
2620,9,44,0.06545992940664291,0.020569125190377235,0.08978161215782166,0.0,25.93252182006836,0.9566304087638855
2640,9,64,0.13515953719615936,0.034071147441864014,0.2021767795085907,0.0,21.28209686279297,0.9057502150535583
2660,9,84,0.07669119536876678,0.018362293019890785,0.1166578084230423,0.0,24.032224655151367,0.9663440585136414
2680,9,104,0.1418360471725464,0.0392519012093544,0.20516827702522278,0.0,22.281295776367188,0.9081096649169922
2700,9,124,0.0711715891957283,0.017179084941744804,0.1079850122332573,0.0,26.42652702331543,0.9567238688468933
2720,9,144,0.09133085608482361,0.019972804933786392,0.14271610975265503,0.0,22.326156616210938,0.9402775764465332
2740,9,164,0.13150879740715027,0.03894294053316116,0.1851317137479782,0.0,22.674976348876953,0.9075668454170227
2760,9,184,0.06158405914902687,0.014561507850885391,0.09404510259628296,0.0,27.681377410888672,0.9755513072013855
2780,9,204,0.07370102405548096,0.015468982979655266,0.11646408587694168,0.0,25.685728073120117,0.9647042751312256
2800,9,224,0.07421435415744781,0.01823536306619644,0.11195798963308334,0.0,24.77559471130371,0.9365397095680237
2820,9,244,0.08595041930675507,0.022518042474985123,0.1268647462129593,0.0,24.00384521484375,0.935422956943512
2840,9,264,0.07475420087575912,0.018808523193001747,0.11189135909080505,0.0,29.505023956298828,0.9571560025215149
2860,9,284,0.060409992933273315,0.01594831980764866,0.08892334997653961,0.0,25.26858901977539,0.9577935338020325
2880,9,304,0.1464654505252838,0.03205512836575508,0.22882065176963806,0.0,22.346843719482422,0.8998839259147644
2900,10,2,0.08413491398096085,0.03798583894968033,0.09229815006256104,0.0,27.903945922851562,0.9297299385070801
2920,10,22,0.07206755131483078,0.021234622225165367,0.10166586190462112,0.0,26.45778465270996,0.9512595534324646
2940,10,42,0.0815800353884697,0.018596550449728966,0.12596696615219116,0.0,24.109939575195312,0.9531351923942566
2960,10,62,0.06222926080226898,0.01648993231356144,0.09147866070270538,0.0,25.19061851501465,0.9536061882972717
2980,10,82,0.0867389589548111,0.024226630106568336,0.12502466142177582,0.0,24.361892700195312,0.9418101906776428
3000,10,102,0.13138267397880554,0.028191030025482178,0.20638328790664673,0.0,21.44305992126465,0.9329035878181458
3020,10,122,0.09975364804267883,0.022909015417099,0.15368926525115967,0.0,24.54378318786621,0.9321344494819641
3040,10,142,0.21991026401519775,0.12328094989061356,0.1932586431503296,0.0,18.25905990600586,0.8354386687278748
3060,10,162,0.08776673674583435,0.020268363878130913,0.13499674201011658,0.0,24.080341339111328,0.9374205470085144
3080,10,182,0.08477142453193665,0.021799994632601738,0.12594285607337952,0.0,22.96200180053711,0.9455824494361877
3100,10,202,0.07023662328720093,0.024856120347976685,0.09076099842786789,0.0,27.475988388061523,0.9592005610466003
3120,10,222,0.06349395215511322,0.016315899789333344,0.09435610473155975,0.0,23.301006317138672,0.9548776745796204
3140,10,242,0.06538058072328568,0.015584697015583515,0.09959176182746887,0.0,24.141965866088867,0.9566369652748108
3160,10,262,0.051337189972400665,0.011078483425080776,0.08051741123199463,0.0,29.56618881225586,0.9821314811706543
3180,10,282,0.13179664313793182,0.06870636343955994,0.12618055939674377,0.0,20.118894577026367,0.9050185084342957
3200,10,302,0.09767720103263855,0.02304146997630596,0.14927145838737488,0.0,26.1845760345459,0.9311972260475159
3220,10,322,0.04409998655319214,0.009293786250054836,0.06961239874362946,0.0,35.902286529541016,0.98993319272995
3240,11,20,0.0484919548034668,0.011106101796030998,0.0747717097401619,0.0,27.14886474609375,0.9793912768363953
3260,11,40,0.10573028028011322,0.02806244045495987,0.1553356796503067,0.0,22.672588348388672,0.9333990216255188
3280,11,60,0.05629868805408478,0.013140344992280006,0.08631668984889984,0.0,29.564258575439453,0.9774120450019836
3300,11,80,0.1260734349489212,0.041813578456640244,0.16851972043514252,0.0,18.778371810913086,0.9019004702568054
3320,11,100,0.19958624243736267,0.07794781774282455,0.24327683448791504,0.0,21.264036178588867,0.8110104203224182
3340,11,120,0.04475119709968567,0.010604660026729107,0.06829307228326797,0.0,33.649688720703125,0.9736631512641907
3360,11,140,0.1309887170791626,0.02853710763156414,0.2049032300710678,0.0,21.305889129638672,0.9004029631614685
3380,11,160,0.04974807798862457,0.011741376481950283,0.07601340115070343,0.0,28.567333221435547,0.9762054085731506
3400,11,180,0.12910392880439758,0.03355193883180618,0.1911039650440216,0.0,20.873416900634766,0.9063835144042969
3420,11,200,0.09551030397415161,0.023632509633898735,0.14375558495521545,0.0,22.2583065032959,0.9414329528808594
3440,11,220,0.0564914271235466,0.012568601407110691,0.08784565329551697,0.0,28.638057708740234,0.9589484333992004
3460,11,240,0.15501093864440918,0.05815722048282623,0.1937074363231659,0.0,19.020877838134766,0.8847511410713196
3480,11,260,0.08579020202159882,0.027168115600943565,0.1172441765666008,0.0,22.256704330444336,0.9368720650672913
3500,11,280,0.1424415409564972,0.03721003606915474,0.2104630023241043,0.0,20.909286499023438,0.8878007531166077
3520,11,300,0.08827203512191772,0.018658671528100967,0.13922671973705292,0.0,24.428775787353516,0.9517993927001953
3540,11,320,0.06893041729927063,0.02080741710960865,0.09624600410461426,0.0,27.37836265563965,0.9581509232521057
3560,12,18,0.0732644647359848,0.01611471176147461,0.11429950594902039,0.0,27.176025390625,0.9594759345054626
3580,12,38,0.09968674927949905,0.02123189903795719,0.15690970420837402,0.0,25.322790145874023,0.9344339966773987
3600,12,58,0.07212154567241669,0.015231081284582615,0.1137809306383133,0.0,25.248027801513672,0.9586419463157654
3620,12,78,0.1025482788681984,0.025800177827477455,0.15349620580673218,0.0,22.328472137451172,0.948738157749176
3640,12,98,0.08896654099225998,0.02103430964052677,0.1358644664287567,0.0,23.17066764831543,0.9446173310279846
3660,12,118,0.1018482968211174,0.02665759064257145,0.1503814160823822,0.0,23.721004486083984,0.9403777718544006
3680,12,138,0.22816750407218933,0.12981751561164856,0.19669997692108154,0.0,19.39706802368164,0.8163087368011475
3700,12,158,0.08106321841478348,0.01899709366261959,0.12413224577903748,0.0,25.435821533203125,0.9570483565330505
3720,12,178,0.050398580729961395,0.011283593252301216,0.07822997868061066,0.0,31.261714935302734,0.9779672622680664
3740,12,198,0.11057358980178833,0.0225241519510746,0.17609888315200806,0.0,24.572338104248047,0.9370393753051758
3760,12,218,0.07347862422466278,0.01866578310728073,0.1096256747841835,0.0,22.72609519958496,0.9616034626960754
3780,12,238,0.09016682207584381,0.024005869403481483,0.13232190907001495,0.0,23.120494842529297,0.9497026801109314
3800,12,258,0.06753066927194595,0.017000189051032066,0.10106095671653748,0.0,31.36296844482422,0.9637417197227478
3820,12,278,0.1068207249045372,0.023601314052939415,0.16643881797790527,0.0,22.46181869506836,0.9287815093994141
3840,12,298,0.14842304587364197,0.08010341227054596,0.1366392821073532,0.0,21.848981857299805,0.8737680315971375
3860,12,318,0.05176536738872528,0.011862991377711296,0.07980474829673767,0.0,28.0258846282959,0.9712197780609131
3880,13,16,0.059392184019088745,0.015840237960219383,0.08710388839244843,0.0,27.470230102539062,0.9551125168800354
3900,13,36,0.1004762277007103,0.02249620296061039,0.1559600532054901,0.0,22.563007354736328,0.9310449957847595
3920,13,56,0.0498405322432518,0.010930638760328293,0.07781978696584702,0.0,28.724409103393555,0.961868941783905
3940,13,76,0.09322544187307358,0.020649557933211327,0.1451517641544342,0.0,23.675891876220703,0.961704432964325
3960,13,96,0.09774163365364075,0.02211366780102253,0.15125593543052673,0.0,25.32819938659668,0.9330675005912781
3980,13,116,0.06463321298360825,0.014947320334613323,0.09937179088592529,0.0,22.710250854492188,0.9606266021728516
4000,13,136,0.0756441056728363,0.018702546134591103,0.1138831153512001,0.0,24.5795955657959,0.9573478102684021
4020,13,156,0.07125850021839142,0.017059197649359703,0.10839860141277313,0.0,26.99966049194336,0.9512700438499451
4040,13,176,0.07385468482971191,0.020498279482126236,0.10671280324459076,0.0,29.42501449584961,0.940844714641571
4060,13,196,0.09953272342681885,0.0225447379052639,0.1539759784936905,0.0,22.613866806030273,0.9217360615730286
4080,13,216,0.0667516216635704,0.014056701213121414,0.10538984090089798,0.0,28.598737716674805,0.9778053164482117
4100,13,236,0.074022576212883,0.017428193241357803,0.11318877339363098,0.0,25.308095932006836,0.9624457359313965
4120,13,256,0.11417905241250992,0.02998303435742855,0.16839203238487244,0.0,26.247892379760742,0.9404122233390808
4140,13,276,0.09266573935747147,0.020951593294739723,0.14342829585075378,0.0,23.5097713470459,0.9539868235588074
4160,13,296,0.051781199872493744,0.013235894031822681,0.07709061354398727,0.0,27.61798667907715,0.9530624747276306
4180,13,316,0.08232306689023972,0.017069349065423012,0.1305074393749237,0.0,24.655799865722656,0.942683219909668
4200,14,14,0.09573467075824738,0.021023256704211235,0.14942282438278198,0.0,28.385814666748047,0.9438453316688538
4220,14,34,0.10119592398405075,0.033376745879650116,0.13563835620880127,0.0,21.408422470092773,0.9193592071533203
4240,14,54,0.09165094047784805,0.02085474692285061,0.1415923833847046,0.0,25.139659881591797,0.9448177218437195
4260,14,74,0.10724613070487976,0.03238977864384651,0.1497126966714859,0.0,22.60481834411621,0.9390580654144287
4280,14,94,0.0819762572646141,0.01810813695192337,0.12773624062538147,0.0,22.850093841552734,0.953880250453949
4300,14,114,0.14135801792144775,0.061988335102796555,0.1587393581867218,0.0,27.760923385620117,0.8829278945922852
4320,14,134,0.05657821521162987,0.012927119620144367,0.08730219304561615,0.0,29.165508270263672,0.9631083011627197
4340,14,154,0.04412485286593437,0.01037419680505991,0.06750131398439407,0.0,30.88203239440918,0.9813740253448486
4360,14,174,0.10427013039588928,0.03288712725043297,0.14276599884033203,0.0,24.14308738708496,0.9218990206718445
4380,14,194,0.07552382349967957,0.02008477970957756,0.11087808012962341,0.0,23.247966766357422,0.9554977416992188
4400,14,214,0.03859329968690872,0.010858215391635895,0.055470168590545654,0.0,32.23139953613281,0.9876101016998291
4420,14,234,0.057699453085660934,0.0137861343100667,0.08782663941383362,0.0,25.45442771911621,0.9712556004524231
4440,14,254,0.07055161893367767,0.018289996311068535,0.10452324897050858,0.0,26.920927047729492,0.9582269191741943
4460,14,274,0.07429105788469315,0.02014891989529133,0.10828427225351334,0.0,22.839412689208984,0.9543664455413818
4480,14,294,0.05575202405452728,0.012357620522379875,0.08678881078958511,0.0,28.159954071044922,0.9799073338508606
4500,14,314,0.07478397339582443,0.017473826184868813,0.11462029814720154,0.0,24.775564193725586,0.9566983580589294
4520,15,12,0.05420200526714325,0.012586434371769428,0.08323114365339279,0.0,25.76345443725586,0.9725565910339355
4540,15,32,0.05690787732601166,0.011832303367555141,0.09015114605426788,0.0,31.171096801757812,0.9729732871055603
4560,15,52,0.08677930384874344,0.023169435560703278,0.12721973657608032,0.0,22.706531524658203,0.9544549584388733
4580,15,72,0.05857725441455841,0.013569542206823826,0.09001542627811432,0.0,23.702526092529297,0.962280809879303
4600,15,92,0.07965584099292755,0.02487131953239441,0.10956905037164688,0.0,27.663734436035156,0.93807053565979
4620,15,112,0.11010132730007172,0.02849399484694004,0.16321466863155365,0.0,26.43213653564453,0.9086496829986572
4640,15,132,0.06344778835773468,0.014988134615123272,0.09691931307315826,0.0,31.210247039794922,0.9581239223480225
4660,15,152,0.06190771609544754,0.01536958571523428,0.09307625889778137,0.0,25.475505828857422,0.9667119383811951
4680,15,172,0.12151193618774414,0.04731060937047005,0.14840266108512878,0.0,21.49779510498047,0.9042114615440369
4700,15,192,0.07942894846200943,0.017968405038118362,0.12292108684778214,0.0,28.216915130615234,0.948923647403717
4720,15,212,0.04060767963528633,0.009593617171049118,0.062028124928474426,0.0,30.60422134399414,0.9810667634010315
4740,15,232,0.07000590115785599,0.01660255528986454,0.1068066954612732,0.0,26.136457443237305,0.9555478692054749
4760,15,252,0.07942961156368256,0.01912953145802021,0.12060016393661499,0.0,21.86806297302246,0.9376373887062073
4780,15,272,0.0722026377916336,0.016065360978245735,0.11227455735206604,0.0,22.626041412353516,0.9443642497062683
4800,15,292,0.13145461678504944,0.03341323882341385,0.19608277082443237,0.0,23.159469604492188,0.924482524394989
4820,15,312,0.07034856081008911,0.014975475147366524,0.11074616760015488,0.0,25.556333541870117,0.9744014739990234
4840,16,10,0.09162714332342148,0.025328559800982475,0.1325971633195877,0.0,21.062232971191406,0.9354867339134216
4860,16,30,0.08361811935901642,0.01993543468415737,0.1273653656244278,0.0,24.23879051208496,0.9610385298728943
4880,16,50,0.06014201045036316,0.013498805463314056,0.0932864099740982,0.0,26.546810150146484,0.9516964554786682
4900,16,70,0.08442330360412598,0.01812731847167015,0.13259197771549225,0.0,25.672889709472656,0.9477072358131409
4920,16,90,0.05268357694149017,0.013764596544206142,0.07783795893192291,0.0,27.293079376220703,0.9750301837921143
4940,16,110,0.06823868304491043,0.014183024875819683,0.10811132192611694,0.0,25.80023956298828,0.9713833928108215
4960,16,130,0.03885431960225105,0.00920929852873087,0.059290044009685516,0.0,34.09498596191406,0.9839744567871094
4980,16,150,0.03755008429288864,0.008149986155331135,0.05880019813776016,0.0,28.35944175720215,0.9813341498374939
5000,16,170,0.09254954755306244,0.0244187843054533,0.13626152276992798,0.0,23.494678497314453,0.9533142447471619
5020,16,190,0.07130810618400574,0.015690872445702553,0.11123447120189667,0.0,26.577770233154297,0.9707093834877014
5040,16,210,0.09965452551841736,0.022078130394220352,0.1551527976989746,0.0,25.123607635498047,0.9364928603172302
5060,16,230,0.05847648158669472,0.012981865555047989,0.09098923206329346,0.0,27.666601181030273,0.9772710204124451
5080,16,250,0.11440286040306091,0.027933981269598007,0.17293775081634521,0.0,22.343534469604492,0.9345124363899231
5100,16,270,0.08238954842090607,0.01743634231388569,0.12990641593933105,0.0,26.89539337158203,0.9622922539710999
5120,16,290,0.06282374262809753,0.014104638248682022,0.09743820130825043,0.0,25.596120834350586,0.9611175656318665
5140,16,310,0.05793048068881035,0.013181562535464764,0.08949783444404602,0.0,25.983814239501953,0.9723439812660217
5160,17,8,0.12923279404640198,0.06705597043037415,0.12435364723205566,0.0,22.462575912475586,0.90635085105896
5180,17,28,0.21690145134925842,0.11798378080129623,0.19783534109592438,0.0,17.752164840698242,0.8423834443092346
5200,17,48,0.1043829545378685,0.03639764338731766,0.13597062230110168,0.0,25.27229118347168,0.9270960688591003
5220,17,68,0.09871982038021088,0.02282082289457321,0.15179799497127533,0.0,21.032123565673828,0.9287213683128357
5240,17,88,0.09526675194501877,0.020467529073357582,0.14959844946861267,0.0,23.758031845092773,0.9253623485565186
5260,17,108,0.06822225451469421,0.023328879848122597,0.08978675305843353,0.0,32.74004364013672,0.95099276304245
5280,17,128,0.06078334152698517,0.019069582223892212,0.08342751860618591,0.0,24.766494750976562,0.9631167054176331
5300,17,148,0.08381804823875427,0.02575697936117649,0.11612214148044586,0.0,23.228191375732422,0.9229702353477478
5320,17,168,0.0905606746673584,0.03625798970460892,0.10860536992549896,0.0,24.1458797454834,0.9337438941001892
5340,17,188,0.07984539121389389,0.016872039064764977,0.12594670057296753,0.0,27.30587387084961,0.9691805839538574
5360,17,208,0.07904278486967087,0.01771029271185398,0.12266498804092407,0.0,24.37200927734375,0.9624670147895813
5380,17,228,0.05156200751662254,0.012582679279148579,0.07795865833759308,0.0,27.913009643554688,0.9787519574165344
5400,17,248,0.09897390007972717,0.03802463784813881,0.12189851701259613,0.0,22.707408905029297,0.9439921379089355
5420,17,268,0.08583280444145203,0.027202749624848366,0.11726011335849762,0.0,20.025068283081055,0.9281731247901917
5440,17,288,0.0970192402601242,0.03278353065252304,0.12847141921520233,0.0,22.259788513183594,0.9390129446983337
5460,17,308,0.13678500056266785,0.04555918276309967,0.18245163559913635,0.0,21.43219757080078,0.8918232321739197
5480,18,6,0.09950466454029083,0.023379765450954437,0.1522497981786728,0.0,23.91902732849121,0.9492668509483337
5500,18,26,0.0589035302400589,0.013198613189160824,0.091409832239151,0.0,28.94427490234375,0.9829555153846741
5520,18,46,0.08941888809204102,0.02357974834740162,0.1316782832145691,0.0,20.32065200805664,0.9315106272697449
5540,18,66,0.09815361350774765,0.02650066651403904,0.14330589771270752,0.0,23.375783920288086,0.9373491406440735
5560,18,86,0.04489249736070633,0.009642720222473145,0.07049955427646637,0.0,33.976768493652344,0.9908640384674072
5580,18,106,0.03018624521791935,0.0068599083460867405,0.04665267467498779,0.0,29.876365661621094,0.986437976360321
5600,18,126,0.06983214616775513,0.02190694957971573,0.0958503931760788,0.0,25.206981658935547,0.9516902565956116
5620,18,146,0.05893586575984955,0.012801053002476692,0.09226962924003601,0.0,30.175588607788086,0.986603319644928
5640,18,166,0.06358829140663147,0.014360080473124981,0.09845642745494843,0.0,25.84125518798828,0.971687376499176
5660,18,186,0.04079517722129822,0.010992856696248055,0.059604644775390625,0.0,30.7926082611084,0.9752827286720276
5680,18,206,0.09752979129552841,0.029356883838772774,0.13634581863880157,0.0,26.675823211669922,0.9442822337150574
5700,18,226,0.12622429430484772,0.03282276913523674,0.18680304288864136,0.0,20.827045440673828,0.9094342589378357
5720,18,246,0.07898933440446854,0.020982660353183746,0.11601334810256958,0.0,27.316253662109375,0.9485694766044617
5740,18,266,0.06679514050483704,0.015007206238806248,0.10357586294412613,0.0,25.395275115966797,0.9629212021827698
5760,18,286,0.044728443026542664,0.010562324896454811,0.068332239985466,0.0,27.7030029296875,0.9812976717948914
5780,18,306,0.06883132457733154,0.015273076482117176,0.10711649060249329,0.0,29.555654525756836,0.9730871319770813
5800,19,4,0.060724981129169464,0.012395192869007587,0.0966595783829689,0.0,26.515226364135742,0.9755823016166687
5820,19,24,0.06457628309726715,0.020232995972037315,0.08868657052516937,0.0,22.826635360717773,0.9572721123695374
5840,19,44,0.03842055797576904,0.007987835444509983,0.06086544692516327,0.0,32.31182861328125,0.9809262156486511
5860,19,64,0.04975632578134537,0.010505227372050285,0.07850219309329987,0.0,27.32549285888672,0.9772143959999084
5880,19,84,0.05284034460783005,0.012967868708074093,0.07974494993686676,0.0,33.84536361694336,0.9649820327758789
5900,19,104,0.09449206292629242,0.024436013773083687,0.14011210203170776,0.0,22.051559448242188,0.9352161288261414
5920,19,124,0.09784016758203506,0.023337574675679207,0.14900518953800201,0.0,22.948577880859375,0.9364929795265198
5940,19,144,0.07679687440395355,0.01644483394920826,0.12070408463478088,0.0,23.924148559570312,0.9647366404533386
5960,19,164,0.028447113931179047,0.006389921996742487,0.044114384800195694,0.0,36.104862213134766,0.990309476852417
5980,19,184,0.05608266592025757,0.012798190116882324,0.08656895160675049,0.0,24.832870483398438,0.9604890942573547
6000,19,204,0.08774338662624359,0.023387935012578964,0.12871089577674866,0.0,22.001571655273438,0.9354490637779236
6020,19,224,0.05968441069126129,0.01219258550554514,0.09498365223407745,0.0,29.297378540039062,0.9790048599243164
6040,19,244,0.046304188668727875,0.009379145689308643,0.07385008782148361,0.0,30.66820526123047,0.9818530082702637
6060,19,264,0.04793739691376686,0.011057411320507526,0.07375997304916382,0.0,33.14784240722656,0.9757270812988281
6080,19,284,0.05194373428821564,0.01224476657807827,0.07939793169498444,0.0,26.588790893554688,0.9748990535736084
6100,19,304,0.03697100281715393,0.011472119018435478,0.050997763872146606,0.0,33.18604278564453,0.978545606136322
6120,20,2,0.055643562227487564,0.011908198706805706,0.08747072517871857,0.0,27.639446258544922,0.9686979651451111
6140,20,22,0.08170066028833389,0.022268021479249,0.11886528134346008,0.0,22.9287109375,0.9427292943000793
6160,20,42,0.04801812395453453,0.011907282285392284,0.07222168147563934,0.0,34.20323944091797,0.974050760269165
6180,20,62,0.056086938828229904,0.012587581761181355,0.08699871599674225,0.0,30.671627044677734,0.9747669696807861
6200,20,82,0.06141962110996246,0.017884625121951103,0.08706998825073242,0.0,29.311687469482422,0.9630260467529297
6220,20,102,0.09499044716358185,0.020988168194890022,0.14800456166267395,0.0,27.665380477905273,0.9370692372322083
6240,20,122,0.0838828831911087,0.02172299101948738,0.12431979179382324,0.0,25.272214889526367,0.9478728175163269
6260,20,142,0.06493040174245834,0.013934744521975517,0.10199131071567535,0.0,26.02108383178711,0.9724238514900208
6280,20,162,0.03558596223592758,0.008640776388347149,0.05389036983251572,0.0,29.88704490661621,0.9709718227386475
6300,20,182,0.08190353214740753,0.04535626992583275,0.07309451699256897,0.0,31.24468231201172,0.9558176398277283
6320,20,202,0.09154888242483139,0.026057859882712364,0.13098204135894775,0.0,23.3848934173584,0.9227051734924316
6340,20,222,0.049698639661073685,0.01281737256795168,0.07376253604888916,0.0,25.281021118164062,0.9582281112670898
6360,20,242,0.06477057933807373,0.017898188903927803,0.09374478459358215,0.0,25.578771591186523,0.9747388958930969
6380,20,262,0.04424666613340378,0.010496250353753567,0.06750082969665527,0.0,29.564733505249023,0.9773480296134949
6400,20,282,0.056649889796972275,0.01240836177021265,0.0884830579161644,0.0,30.250335693359375,0.9684655666351318
6420,20,302,0.09621638059616089,0.019388720393180847,0.15365532040596008,0.0,25.067319869995117,0.9515191912651062
6440,20,322,0.05852830782532692,0.01220773532986641,0.09264114499092102,0.0,28.284496307373047,0.9619759321212769
6460,21,20,0.07556235045194626,0.019031047821044922,0.11306260526180267,0.0,29.777496337890625,0.9552104473114014
6480,21,40,0.04514319449663162,0.009920408017933369,0.07044557482004166,0.0,29.36331558227539,0.9821205139160156
6500,21,60,0.06765438616275787,0.019085755571722984,0.09713725745677948,0.0,25.63580322265625,0.9647479057312012
6520,21,80,0.0572233684360981,0.013895485550165176,0.08665576577186584,0.0,29.056320190429688,0.9645068645477295
6540,21,100,0.14215916395187378,0.03450965881347656,0.21529901027679443,0.0,24.191314697265625,0.9093163013458252
6560,21,120,0.06457100063562393,0.013908136636018753,0.10132572799921036,0.0,27.652721405029297,0.9739909172058105
6580,21,140,0.08918669819831848,0.020520687103271484,0.137332022190094,0.0,26.623106002807617,0.9579839706420898
6600,21,160,0.048413753509521484,0.010534663684666157,0.0757581815123558,0.0,28.985614776611328,0.9810705184936523
6620,21,180,0.06132340431213379,0.015761371701955795,0.09112406522035599,0.0,24.470508575439453,0.9614911079406738
6640,21,200,0.06886480748653412,0.016152188181877136,0.10542524605989456,0.0,27.437217712402344,0.9401598572731018
6660,21,220,0.07956971228122711,0.021113321185112,0.11691278219223022,0.0,28.067813873291016,0.9505128264427185
6680,21,240,0.05295579135417938,0.01192053034901619,0.08207052201032639,0.0,29.634033203125,0.9706980586051941
6700,21,260,0.051645517349243164,0.010929937474429607,0.08143115788698196,0.0,28.28539276123047,0.9692819714546204
6720,21,280,0.06365901976823807,0.013789079152047634,0.09973988682031631,0.0,27.0465145111084,0.9792024493217468
6740,21,300,0.02843736670911312,0.006365260574966669,0.04414421319961548,0.0,32.52020263671875,0.9885662198066711
6760,21,320,0.08777335286140442,0.020257771015167236,0.13503116369247437,0.0,25.265880584716797,0.9455354809761047
6780,22,18,0.11244981735944748,0.024996573105454445,0.17490649223327637,0.0,22.79156494140625,0.9184470176696777
6800,22,38,0.04676394164562225,0.009397393092513084,0.07473309338092804,0.0,28.7026424407959,0.9799498915672302
6820,22,58,0.12773577868938446,0.03564402088522911,0.1841835081577301,0.0,22.750930786132812,0.8995334506034851
6840,22,78,0.074598029255867,0.015308569185435772,0.11857892572879791,0.0,28.402503967285156,0.9601049423217773
6860,22,98,0.0813342034816742,0.017576919868588448,0.1275145709514618,0.0,25.912670135498047,0.9646700024604797
6880,22,118,0.0816768929362297,0.019778920337557793,0.12379594147205353,0.0,22.91596031188965,0.9478995203971863
6900,22,138,0.055445946753025055,0.011803479865193367,0.08728493005037308,0.0,26.493942260742188,0.967369019985199
6920,22,158,0.07549476623535156,0.020468199625611305,0.11005313694477081,0.0,22.743223190307617,0.9480968117713928
6940,22,178,0.06541472673416138,0.021231327205896378,0.0883667916059494,0.0,25.3240966796875,0.9580612182617188
6960,22,198,0.07885172218084335,0.01789027452468872,0.12192289531230927,0.0,25.599868774414062,0.9477953314781189
6980,22,218,0.06186410412192345,0.012784655205905437,0.09815889596939087,0.0,29.776973724365234,0.974707841873169
7000,22,238,0.11302079260349274,0.04577402397990227,0.13449352979660034,0.0,23.297565460205078,0.9100410342216492
7020,22,258,0.06220446527004242,0.012929512187838554,0.09854990988969803,0.0,26.717021942138672,0.9630491733551025
7040,22,278,0.03604840487241745,0.007700854912400246,0.05669510364532471,0.0,36.422271728515625,0.9864420890808105
7060,22,298,0.03803343325853348,0.009378328919410706,0.05731021240353584,0.0,30.368175506591797,0.9755606651306152
7080,22,318,0.03781810775399208,0.00835451204329729,0.05892719328403473,0.0,28.684890747070312,0.9855520129203796
7100,23,16,0.039317432790994644,0.008344556204974651,0.061945751309394836,0.0,31.964492797851562,0.9915056824684143
7120,23,36,0.06207951158285141,0.016276372596621513,0.0916062742471695,0.0,25.582998275756836,0.9631343483924866
7140,23,56,0.05979212746024132,0.013451176695525646,0.0926818996667862,0.0,25.990299224853516,0.9706186652183533
7160,23,76,0.0736117735505104,0.01957749016582966,0.1080685704946518,0.0,24.69403076171875,0.9532948136329651
7180,23,96,0.06432844698429108,0.016721300780773163,0.09521429240703583,0.0,30.19916343688965,0.9371053576469421
7200,23,116,0.065437451004982,0.014378107152879238,0.10211869329214096,0.0,24.6066951751709,0.9547555446624756
7220,23,136,0.06283215433359146,0.017596060410141945,0.09047219157218933,0.0,23.998586654663086,0.9566266536712646
7240,23,156,0.07822045683860779,0.018568728119134903,0.11930346488952637,0.0,27.113082885742188,0.9398829936981201
7260,23,176,0.07576040178537369,0.01636461913585663,0.11879156529903412,0.0,28.37013816833496,0.9733724594116211
7280,23,196,0.06875764578580856,0.01843271777033806,0.10064985603094101,0.0,25.54015350341797,0.9583137035369873
7300,23,216,0.05555557832121849,0.011706526391208172,0.08769810199737549,0.0,29.000778198242188,0.9673123359680176
7320,23,236,0.051293905824422836,0.011193891055881977,0.08020003139972687,0.0,28.181880950927734,0.9797845482826233
7340,23,256,0.11502566933631897,0.0245993472635746,0.18085265159606934,0.0,25.568464279174805,0.9203376173973083
7360,23,276,0.065157450735569,0.017871180549263954,0.09457254409790039,0.0,29.58285140991211,0.9643251299858093
7380,23,296,0.06074027717113495,0.013156005181372166,0.09516854584217072,0.0,27.32480239868164,0.9702179431915283
7400,23,316,0.09690499305725098,0.03197691962122917,0.1298561543226242,0.0,22.81732749938965,0.9369270205497742
7420,24,14,0.0744277685880661,0.016727546229958534,0.11540044844150543,0.0,29.72675132751465,0.9473522305488586
7440,24,34,0.05950944870710373,0.01869828812777996,0.08162231743335724,0.0,27.2398681640625,0.9639449119567871
7460,24,54,0.04262525215744972,0.010389705188572407,0.06447109580039978,0.0,27.754512786865234,0.9781942367553711
7480,24,74,0.04558578133583069,0.009911290369927883,0.07134898006916046,0.0,31.187667846679688,0.968653678894043
7500,24,94,0.036418624222278595,0.0076680234633386135,0.05750120431184769,0.0,34.08390808105469,0.9846410155296326
7520,24,114,0.12406213581562042,0.033084649592638016,0.1819549798965454,0.0,19.466182708740234,0.889655351638794
7540,24,134,0.06064540892839432,0.014526724815368652,0.09223736822605133,0.0,28.272377014160156,0.9756442904472351
7560,24,154,0.09341312199831009,0.021971113979816437,0.1428840160369873,0.0,24.55251693725586,0.9361300468444824
7580,24,174,0.040412671864032745,0.010118022561073303,0.060589298605918884,0.0,32.81928253173828,0.9744035601615906
7600,24,194,0.03249487280845642,0.012793147005140781,0.03940344974398613,0.0,31.708484649658203,0.9691073298454285
7620,24,214,0.041446104645729065,0.009948025457561016,0.06299615651369095,0.0,30.722335815429688,0.9807010293006897
7640,24,234,0.10551126301288605,0.040279410779476166,0.13046370446681976,0.0,16.534912109375,0.8844771981239319
7660,24,254,0.061145033687353134,0.013240513391792774,0.09580904245376587,0.0,25.7755184173584,0.9716379642486572
7680,24,274,0.06977442651987076,0.018169546499848366,0.10320976376533508,0.0,22.3270320892334,0.9592939019203186
7700,24,294,0.050645310431718826,0.010438571684062481,0.08041347563266754,0.0,31.000852584838867,0.9790104031562805
7720,24,314,0.05666396766901016,0.011722402647137642,0.08988313376903534,0.0,29.198841094970703,0.9759959578514099
7740,25,12,0.07629335671663284,0.017057843506336212,0.11847102642059326,0.0,23.280345916748047,0.9609612822532654
7760,25,32,0.058179646730422974,0.012774556875228882,0.09081017971038818,0.0,26.752918243408203,0.9718630909919739
7780,25,52,0.07129555940628052,0.016213824972510338,0.11016347259283066,0.0,26.569799423217773,0.9725401401519775
7800,25,72,0.03993624076247215,0.009534262120723724,0.06080395728349686,0.0,28.240081787109375,0.9797804951667786
7820,25,92,0.035907965153455734,0.009355819784104824,0.05310429260134697,0.0,31.072975158691406,0.9811248779296875
7840,25,112,0.056855618953704834,0.01371091790497303,0.0862894058227539,0.0,31.051746368408203,0.9716600775718689
7860,25,132,0.06090424582362175,0.01597130298614502,0.08986588567495346,0.0,23.765026092529297,0.9637055993080139
7880,25,152,0.03248035907745361,0.006811199244111776,0.0513383187353611,0.0,34.75028991699219,0.985395610332489
7900,25,172,0.05016612261533737,0.011179609224200249,0.07797303050756454,0.0,32.71333694458008,0.9778547286987305
7920,25,192,0.0467679500579834,0.011009984649717808,0.07151593267917633,0.0,30.260936737060547,0.9763400554656982
7940,25,212,0.04657189920544624,0.011796274222433567,0.0695512518286705,0.0,26.474143981933594,0.9692894816398621
7960,25,232,0.07708116620779037,0.021145112812519073,0.1118721067905426,0.0,20.630512237548828,0.9291298985481262
7980,25,252,0.09149923920631409,0.03533364087343216,0.11233119666576385,0.0,27.636089324951172,0.9351425170898438
8000,25,272,0.035862717777490616,0.007047971244901419,0.05762949585914612,0.0,31.318832397460938,0.9899812340736389
8020,25,292,0.061034195125103,0.013189922086894512,0.09568854421377182,0.0,28.131011962890625,0.9690991044044495
8040,25,312,0.04388172924518585,0.01140819676220417,0.06494706869125366,0.0,28.078857421875,0.9716057181358337
8060,26,10,0.08118242770433426,0.019757410511374474,0.12285003066062927,0.0,22.44215965270996,0.9466013312339783
8080,26,30,0.033871009945869446,0.007187720853835344,0.05336657539010048,0.0,31.585020065307617,0.9897122383117676
8100,26,50,0.062240779399871826,0.01651765964925289,0.09144623577594757,0.0,23.91995620727539,0.9492192268371582
8120,26,70,0.051845431327819824,0.014648258686065674,0.0743943452835083,0.0,29.460906982421875,0.9798067212104797
8140,26,90,0.07560749351978302,0.01855626329779625,0.11410246789455414,0.0,22.448453903198242,0.9563436508178711
8160,26,110,0.040602121502161026,0.008230634965002537,0.06474297493696213,0.0,32.42364501953125,0.9867486357688904
8180,26,130,0.0637202262878418,0.017027096822857857,0.09338626265525818,0.0,29.754728317260742,0.9606342315673828
8200,26,150,0.09724722802639008,0.021890878677368164,0.15071269869804382,0.0,26.37921905517578,0.9432842135429382
8220,26,170,0.051995906978845596,0.011959505267441273,0.0800728052854538,0.0,28.16346549987793,0.9766375422477722
8240,26,190,0.04569841921329498,0.012055613100528717,0.06728561222553253,0.0,28.029190063476562,0.9800289273262024
8260,26,210,0.10004625469446182,0.02155456691980362,0.1569833755493164,0.0,23.07796287536621,0.9408092498779297
8280,26,230,0.061334386467933655,0.01652393490076065,0.08962090313434601,0.0,27.990848541259766,0.951873242855072
8300,26,250,0.043716467916965485,0.009210336953401566,0.06901226192712784,0.0,30.258529663085938,0.9886735081672668
8320,26,270,0.04815273731946945,0.010676608420908451,0.07495225965976715,0.0,29.614063262939453,0.9797719120979309
8340,26,290,0.05911889299750328,0.012549555860459805,0.0931386724114418,0.0,31.233007431030273,0.9748594760894775
8360,26,310,0.04580831527709961,0.009438534267246723,0.07273956388235092,0.0,29.14767837524414,0.9739539623260498
8380,27,8,0.03745618090033531,0.00874151661992073,0.05742932856082916,0.0,33.32414245605469,0.9876769185066223
8400,27,28,0.11243541538715363,0.023438449949026108,0.17799392342567444,0.0,21.68074607849121,0.9399309158325195
8420,27,48,0.042518679052591324,0.011095450259745121,0.06284645944833755,0.0,28.203840255737305,0.9588031768798828
8440,27,68,0.09819276630878448,0.026420146226882935,0.1435452401638031,0.0,23.82233238220215,0.9452096819877625
8460,27,88,0.08777095377445221,0.019284212961792946,0.13697348535060883,0.0,23.778112411499023,0.9372050762176514
8480,27,108,0.0721583440899849,0.018755385652184486,0.10680592060089111,0.0,22.323436737060547,0.9554381370544434
8500,27,128,0.08496786653995514,0.021097714081406593,0.1277403086423874,0.0,23.330060958862305,0.9407762885093689
8520,27,148,0.08260733634233475,0.020927926525473595,0.123358815908432,0.0,22.939483642578125,0.9461126923561096
8540,27,168,0.06230195611715317,0.017716217786073685,0.08917147666215897,0.0,26.924114227294922,0.9645569920539856
8560,27,188,0.04236160218715668,0.008908634074032307,0.06690593808889389,0.0,30.19137954711914,0.9863298535346985
8580,27,208,0.05793679505586624,0.021016113460063934,0.07384136319160461,0.0,23.820396423339844,0.9625162482261658
8600,27,228,0.04276241362094879,0.009016409516334534,0.06749200820922852,0.0,30.489965438842773,0.9786896109580994
8620,27,248,0.07761166244745255,0.016800502315163612,0.12162232398986816,0.0,25.345996856689453,0.9533503651618958
8640,27,268,0.07167990505695343,0.016114111989736557,0.11113157868385315,0.0,28.554424285888672,0.9640178680419922
8660,27,288,0.03618321940302849,0.007377720437943935,0.057610996067523956,0.0,29.7856502532959,0.9871668815612793
8680,27,308,0.06087915971875191,0.01333552598953247,0.09508726745843887,0.0,25.80975341796875,0.9675191044807434
8700,28,6,0.039325013756752014,0.008324404247105122,0.062001217156648636,0.0,33.024452209472656,0.982877254486084
8720,28,26,0.0679703801870346,0.01443745382130146,0.10706585645675659,0.0,27.023696899414062,0.9576695561408997
8740,28,46,0.0827832892537117,0.03133726492524147,0.10289204865694046,0.0,26.357580184936523,0.9430174827575684
8760,28,66,0.06385532766580582,0.015514673665165901,0.09668130427598953,0.0,26.8341064453125,0.9610827565193176
8780,28,86,0.05517803505063057,0.01352179516106844,0.08331248164176941,0.0,26.631641387939453,0.9732133746147156
8800,28,106,0.04285987839102745,0.010918031446635723,0.0638836920261383,0.0,31.952117919921875,0.978980541229248
8820,28,126,0.04705587401986122,0.012541442178189754,0.06902886182069778,0.0,28.82562828063965,0.9815003871917725
8840,28,146,0.06705720722675323,0.016159478574991226,0.10179545730352402,0.0,23.921627044677734,0.9456048011779785
8860,28,166,0.03885921835899353,0.008458873257040977,0.060800693929195404,0.0,31.512096405029297,0.9819748401641846
8880,28,186,0.060822926461696625,0.0126941604539752,0.0962575301527977,0.0,28.049007415771484,0.9700102806091309
8900,28,206,0.15924924612045288,0.034525416791439056,0.24944767355918884,0.0,23.431804656982422,0.8865727782249451
8920,28,226,0.10583527386188507,0.02285454422235489,0.16596145927906036,0.0,23.31695556640625,0.940800666809082
8940,28,246,0.056272439658641815,0.013293666765093803,0.08595754206180573,0.0,28.502735137939453,0.9599318504333496
8960,28,266,0.09510228782892227,0.022981829941272736,0.14424091577529907,0.0,23.433584213256836,0.9619879722595215
8980,28,286,0.10218636691570282,0.0403156541287899,0.12374141812324524,0.0,23.51287841796875,0.9354865550994873
9000,28,306,0.07433146238327026,0.018799344077706337,0.11106424033641815,0.0,23.218368530273438,0.9658097624778748
9020,29,4,0.12341047823429108,0.033374443650245667,0.18007206916809082,0.0,22.81344223022461,0.8892310261726379
9040,29,24,0.050108470022678375,0.012007570825517178,0.07620179653167725,0.0,31.635318756103516,0.9746294021606445
9060,29,44,0.0671498253941536,0.016908979043364525,0.10048168897628784,0.0,30.780807495117188,0.9596907496452332
9080,29,64,0.08396481722593307,0.017706071957945824,0.1325174868106842,0.0,23.604421615600586,0.9474208354949951
9100,29,84,0.05864717438817024,0.013821524567902088,0.08965130150318146,0.0,28.020355224609375,0.9748780131340027
9120,29,104,0.04261121526360512,0.01038400549441576,0.06445442140102386,0.0,26.888965606689453,0.9699632525444031
9140,29,124,0.03843851760029793,0.007662065327167511,0.061552904546260834,0.0,29.987577438354492,0.9884211421012878
9160,29,144,0.05374923348426819,0.010535383597016335,0.086427703499794,0.0,30.47292137145996,0.9869052767753601
9180,29,164,0.1024843156337738,0.028004851192235947,0.1489589363336563,0.0,21.494029998779297,0.9336065649986267
9200,29,184,0.058841072022914886,0.013691834174096584,0.09029847383499146,0.0,28.013378143310547,0.9596279263496399
9220,29,204,0.09667940437793732,0.02128569595515728,0.15078741312026978,0.0,25.321142196655273,0.9499049186706543
9240,29,224,0.07142207026481628,0.018118735402822495,0.10660667717456818,0.0,27.21319580078125,0.9526398777961731
9260,29,244,0.06945701688528061,0.025916079059243202,0.08708187937736511,0.0,37.08361053466797,0.9545074105262756
9280,29,264,0.04298807308077812,0.01034963596612215,0.06527687609195709,0.0,25.44503402709961,0.9709852337837219
9300,29,284,0.06438887119293213,0.0139742661267519,0.10082920640707016,0.0,28.131553649902344,0.967829167842865
9320,29,304,0.04123988747596741,0.008576620370149612,0.06532653421163559,0.0,29.102352142333984,0.9833345413208008
9340,30,2,0.06209459900856018,0.012911737896502018,0.09836572408676147,0.0,30.45807456970215,0.9743640422821045
9360,30,22,0.0354662723839283,0.0072750523686409,0.0563824400305748,0.0,31.156112670898438,0.9898788332939148
9380,30,42,0.10807280242443085,0.024212252348661423,0.16772109270095825,0.0,23.895483016967773,0.9330499172210693
9400,30,62,0.0444265641272068,0.009398427791893482,0.07005627453327179,0.0,34.6732177734375,0.9755494594573975
9420,30,82,0.10494457185268402,0.024881716817617416,0.1601257026195526,0.0,24.20546531677246,0.9300764203071594
9440,30,102,0.07748199999332428,0.020987356081604958,0.11298928409814835,0.0,21.55689239501953,0.9396252036094666
9460,30,122,0.07734813541173935,0.015984108671545982,0.12272804975509644,0.0,24.619550704956055,0.957110583782196
9480,30,142,0.13953959941864014,0.06314609199762344,0.1527870148420334,0.0,22.405864715576172,0.8784275650978088
9500,30,162,0.056587427854537964,0.011237351223826408,0.09070014953613281,0.0,31.97686004638672,0.9773220419883728
9520,30,182,0.08111165463924408,0.016024725511670113,0.13017386198043823,0.0,30.064590454101562,0.9778452515602112
9540,30,202,0.048665039241313934,0.011015369556844234,0.07529933750629425,0.0,25.661901473999023,0.9770169258117676
9560,30,222,0.07211244106292725,0.02294781804084778,0.09832925349473953,0.0,25.86646270751953,0.9651402831077576
9580,30,242,0.12005296349525452,0.04162341728806496,0.15685909986495972,0.0,22.530452728271484,0.9206488132476807
9600,30,262,0.05139763653278351,0.01161259412765503,0.07957008481025696,0.0,26.387493133544922,0.9666833877563477
9620,30,282,0.09786204993724823,0.040118660777807236,0.11548678576946259,0.0,22.091148376464844,0.9278626441955566
9640,30,302,0.0708276554942131,0.022716596722602844,0.09622211754322052,0.0,24.938833236694336,0.9456481337547302
9660,30,322,0.04314684122800827,0.010383591055870056,0.06552650034427643,0.0,28.59693145751953,0.9699117541313171
9680,31,20,0.08123655617237091,0.01622994802892208,0.13001321256160736,0.0,27.49867820739746,0.9657914042472839
9700,31,40,0.08011539280414581,0.017559589818120003,0.12511160969734192,0.0,27.1744441986084,0.9488522410392761
9720,31,60,0.02862163446843624,0.006522061303257942,0.0441991463303566,0.0,32.124778747558594,0.9875909686088562
9740,31,80,0.0326826348900795,0.00709552550688386,0.05117421597242355,0.0,33.574703216552734,0.9860119819641113
9760,31,100,0.09887849539518356,0.022516721859574318,0.1527235507965088,0.0,23.917743682861328,0.9506444334983826
9780,31,120,0.1694289743900299,0.07968083024024963,0.17949627339839935,0.0,23.584503173828125,0.8423396944999695
9800,31,140,0.05830485001206398,0.014638149179518223,0.08733340352773666,0.0,29.642791748046875,0.9653992056846619
9820,31,160,0.04380340129137039,0.010092897340655327,0.06742100417613983,0.0,33.37077713012695,0.9711402058601379
9840,31,180,0.04607110843062401,0.01495604682713747,0.062230125069618225,0.0,27.883838653564453,0.9663388729095459
9860,31,200,0.08063510060310364,0.017875004559755325,0.12552019953727722,0.0,26.732601165771484,0.960401713848114
9880,31,220,0.07854677736759186,0.022802866995334625,0.11148781329393387,0.0,20.547834396362305,0.9353437423706055
9900,31,240,0.04662543907761574,0.010246376506984234,0.07275812327861786,0.0,29.689565658569336,0.9787254333496094
9920,31,260,0.06895110756158829,0.0139653654769063,0.10997147858142853,0.0,25.059371948242188,0.9650959372520447
9940,31,280,0.04166585952043533,0.010319937020540237,0.06269184499979019,0.0,32.338966369628906,0.9771364331245422
9960,31,300,0.09316204488277435,0.0218135304749012,0.1426970213651657,0.0,28.705551147460938,0.9514949917793274
9980,31,320,0.04474731907248497,0.011857752688229084,0.06577913463115692,0.0,30.737287521362305,0.9778198599815369
10000,32,18,0.06928616762161255,0.01568864844739437,0.10719503462314606,0.0,27.365951538085938,0.9545422196388245
10020,32,38,0.059024304151535034,0.0134219815954566,0.09120464324951172,0.0,24.403440475463867,0.9626979827880859
10040,32,58,0.08806644380092621,0.018873993307352066,0.13838490843772888,0.0,24.291555404663086,0.9397562146186829
10060,32,78,0.08281394839286804,0.023498259484767914,0.11863137781620026,0.0,26.573772430419922,0.9422592520713806
10080,32,98,0.08550377190113068,0.017126427963376045,0.13675469160079956,0.0,26.814895629882812,0.9605051875114441
10100,32,118,0.03778979927301407,0.010221068747341633,0.05513745918869972,0.0,35.91196823120117,0.9718295931816101
10120,32,138,0.14456936717033386,0.03265766054391861,0.2238234281539917,0.0,23.107656478881836,0.8970825672149658
10140,32,158,0.0629376471042633,0.01278513390570879,0.10030502825975418,0.0,26.244367599487305,0.9748522639274597
10160,32,178,0.06636969745159149,0.013106420636177063,0.10652655363082886,0.0,27.588054656982422,0.970940887928009
10180,32,198,0.05512688308954239,0.010852063074707985,0.0885496437549591,0.0,29.40841293334961,0.9770354628562927
10200,32,218,0.08117389678955078,0.018757637590169907,0.12483252584934235,0.0,26.470733642578125,0.9560659527778625
10220,32,238,0.06644280254840851,0.015779200941324234,0.10132719576358795,0.0,27.0604305267334,0.9585967063903809
10240,32,258,0.0498914010822773,0.01068324875086546,0.07841630280017853,0.0,28.17780113220215,0.974493682384491
10260,32,278,0.0633053183555603,0.013559995219111443,0.09949064999818802,0.0,25.609695434570312,0.9741981625556946
10280,32,298,0.07644443958997726,0.01979723758995533,0.11329440772533417,0.0,22.161758422851562,0.9614284038543701
10300,32,318,0.06125035509467125,0.01410930696874857,0.09428209811449051,0.0,27.02374839782715,0.965160071849823
10320,33,16,0.08523190021514893,0.017691027373075485,0.13508173823356628,0.0,26.471534729003906,0.9589553475379944
10340,33,36,0.047195348888635635,0.01463105995208025,0.06512857973575592,0.0,27.411794662475586,0.9571597576141357
10360,33,56,0.07743723690509796,0.016397304832935333,0.12207986414432526,0.0,23.3753719329834,0.943902313709259
10380,33,76,0.034072380512952805,0.007254398427903652,0.053635962307453156,0.0,30.012380599975586,0.9864011406898499
10400,33,96,0.0661403089761734,0.019449913874268532,0.09338079392910004,0.0,29.772907257080078,0.9670403003692627
10420,33,116,0.05106853321194649,0.013044853694736958,0.07604736089706421,0.0,32.889793395996094,0.9612639546394348
10440,33,136,0.06064382940530777,0.013347233645617962,0.09459318965673447,0.0,30.202993392944336,0.963225781917572
10460,33,156,0.07955492287874222,0.017518239095807076,0.12407337129116058,0.0,25.095388412475586,0.9640135169029236
10480,33,176,0.11638771742582321,0.03306371718645096,0.1666480004787445,0.0,25.687618255615234,0.9211652278900146
10500,33,196,0.046201009303331375,0.009804074652493,0.0727938711643219,0.0,30.230697631835938,0.9719683527946472
10520,33,216,0.06457400321960449,0.016980770975351334,0.09518646448850632,0.0,29.587081909179688,0.9631509780883789
10540,33,236,0.04415522888302803,0.010067541152238846,0.06817537546157837,0.0,27.331344604492188,0.979850709438324
10560,33,256,0.061977319419384,0.013921830803155899,0.09611097723245621,0.0,25.632190704345703,0.9757885932922363
10580,33,276,0.04971723631024361,0.011185194365680218,0.07706408202648163,0.0,29.875484466552734,0.9786693453788757
10600,33,296,0.027675874531269073,0.006161117926239967,0.04302951321005821,0.0,30.361675262451172,0.987524688243866
10620,33,316,0.030304400250315666,0.006556262727826834,0.04749627411365509,0.0,31.709625244140625,0.9881340861320496
10640,34,14,0.08118490874767303,0.018270667642354965,0.12582847476005554,0.0,24.630855560302734,0.958648681640625
10660,34,34,0.02814461849629879,0.0061802309937775135,0.04392877593636513,0.0,32.42436218261719,0.9856998920440674
10680,34,54,0.05418173968791962,0.012125007808208466,0.0841134637594223,0.0,28.044553756713867,0.9720357060432434
10700,34,74,0.043856292963027954,0.011541898362338543,0.06462878733873367,0.0,31.282094955444336,0.9748170375823975
10720,34,94,0.04434361308813095,0.009906325489282608,0.06887457519769669,0.0,33.422672271728516,0.9780510067939758
10740,34,114,0.055619895458221436,0.010961009189486504,0.08931776881217957,0.0,37.12551498413086,0.9788749814033508
10760,34,134,0.05399163067340851,0.01160633098334074,0.08477059751749039,0.0,28.178253173828125,0.9723647236824036
10780,34,154,0.07356461882591248,0.018088433891534805,0.11095236986875534,0.0,23.53314208984375,0.961836576461792
10800,34,174,0.03966688737273216,0.009094778448343277,0.06114421784877777,0.0,29.733205795288086,0.9815942645072937
10820,34,194,0.07474324107170105,0.016978738829493523,0.11552900820970535,0.0,29.99618148803711,0.9588838219642639
10840,34,214,0.040574975311756134,0.00892448890954256,0.0633009746670723,0.0,32.82380676269531,0.9755477905273438
10860,34,234,0.05683945119380951,0.011965622194111347,0.08974765986204147,0.0,32.37474060058594,0.9760875701904297
10880,34,254,0.052958156913518906,0.02010020613670349,0.06571590155363083,0.0,28.02385711669922,0.9784014821052551
10900,34,274,0.06893140822649002,0.01621241681277752,0.1054379791021347,0.0,25.990270614624023,0.9548921585083008
10920,34,294,0.05298734828829765,0.012062576599419117,0.08184954524040222,0.0,26.69440460205078,0.9788599610328674
10940,34,314,0.04464703053236008,0.009845324791967869,0.06960341334342957,0.0,28.690563201904297,0.9734696745872498
10960,35,12,0.06183718144893646,0.01826070062816143,0.08715295791625977,0.0,35.60233688354492,0.9387455582618713
10980,35,32,0.08291180431842804,0.02634492516517639,0.1131337583065033,0.0,24.780866622924805,0.9557290077209473
11000,35,52,0.03375781327486038,0.008084669709205627,0.05134629085659981,0.0,32.13235092163086,0.9835965037345886
11020,35,72,0.060750991106033325,0.012814692221581936,0.09587259590625763,0.0,29.44305419921875,0.9719955325126648
11040,35,92,0.055469587445259094,0.010797995142638683,0.08934318274259567,0.0,31.540786743164062,0.9796242117881775
11060,35,112,0.060873039066791534,0.014919660054147243,0.09190675616264343,0.0,25.459064483642578,0.9660215377807617
11080,35,132,0.06293229758739471,0.019959529861807823,0.08594553172588348,0.0,27.129295349121094,0.9590581059455872
11100,35,152,0.08859512954950333,0.018229464069008827,0.1407313346862793,0.0,27.60027313232422,0.9752388000488281
11120,35,172,0.06929007172584534,0.02958373911678791,0.07941266149282455,0.0,27.893781661987305,0.9428722262382507
11140,35,192,0.0337868258357048,0.007186935283243656,0.053199782967567444,0.0,27.962162017822266,0.9807977676391602
11160,35,212,0.05584362521767616,0.01262530405074358,0.08643664419651031,0.0,30.460790634155273,0.969637930393219
11180,35,232,0.04899109899997711,0.013113425113260746,0.07175534963607788,0.0,25.193883895874023,0.9632391929626465
11200,35,252,0.035484038293361664,0.007949143648147583,0.05506978929042816,0.0,38.10152816772461,0.9843816757202148
11220,35,272,0.057501062750816345,0.016828574240207672,0.08134497702121735,0.0,25.178707122802734,0.957543134689331
11240,35,292,0.08335481584072113,0.019819654524326324,0.1270703226327896,0.0,24.424015045166016,0.9641919136047363
11260,35,312,0.1135670393705368,0.03846912458539009,0.15019583702087402,0.0,20.444324493408203,0.9349231719970703
11280,36,10,0.04574169963598251,0.009930009953677654,0.07162337750196457,0.0,29.63850975036621,0.9840055108070374
11300,36,30,0.04840817302465439,0.010049945674836636,0.07671645283699036,0.0,28.685604095458984,0.984805166721344
11320,36,50,0.04619373753666878,0.010281736962497234,0.07182399928569794,0.0,35.47758483886719,0.9829203486442566
11340,36,70,0.03821614384651184,0.008115269243717194,0.060201749205589294,0.0,30.67732048034668,0.9844153523445129
11360,36,90,0.06379909813404083,0.014177294448018074,0.09924361109733582,0.0,24.704345703125,0.9723259806632996
11380,36,110,0.034275732934474945,0.007594552356749773,0.05336236208677292,0.0,33.54391098022461,0.9853914380073547
11400,36,130,0.05447898432612419,0.010951514355838299,0.08705493807792664,0.0,28.07728385925293,0.9778512120246887
11420,36,150,0.06300993263721466,0.015468044206500053,0.09508377313613892,0.0,26.76412582397461,0.9673092365264893
11440,36,170,0.08012813329696655,0.01572365313768387,0.12880896031856537,0.0,26.67792510986328,0.9683951735496521
11460,36,190,0.06654401868581772,0.014749106951057911,0.10358981788158417,0.0,27.457805633544922,0.9685688018798828
11480,36,210,0.06651000678539276,0.015075623989105225,0.10286876559257507,0.0,25.618663787841797,0.9579668641090393
11500,36,230,0.08717190474271774,0.0213602464646101,0.131623312830925,0.0,25.86652946472168,0.9492573738098145
11520,36,250,0.050580620765686035,0.016054315492510796,0.06905260682106018,0.0,28.676084518432617,0.972227156162262
11540,36,270,0.07064029574394226,0.017128169536590576,0.10702425241470337,0.0,27.336570739746094,0.9581117630004883
11560,36,290,0.05044632777571678,0.011751804500818253,0.07738904654979706,0.0,28.29706382751465,0.9766722321510315
11580,36,310,0.05450575798749924,0.011251064017415047,0.08650939166545868,0.0,28.78865623474121,0.9801405072212219
11600,37,8,0.10067048668861389,0.023302065208554268,0.15473684668540955,0.0,26.889638900756836,0.928957462310791
11620,37,28,0.03741036355495453,0.009126034565269947,0.05656865984201431,0.0,28.843778610229492,0.9775933623313904
11640,37,48,0.052844271063804626,0.01157943531870842,0.08252967149019241,0.0,28.056121826171875,0.969885528087616
11660,37,68,0.024780074134469032,0.005829452071338892,0.037901245057582855,0.0,38.79290771484375,0.9891102313995361
11680,37,88,0.060559678822755814,0.013960693962872028,0.09319797158241272,0.0,27.333354949951172,0.9716638922691345
11700,37,108,0.025596575811505318,0.0056602186523377895,0.03987271338701248,0.0,36.72412109375,0.9888736605644226
11720,37,128,0.045646749436855316,0.009168845601379871,0.07295580953359604,0.0,36.18141174316406,0.9853451251983643
11740,37,148,0.060886237770318985,0.014255146495997906,0.09326218068599701,0.0,27.361967086791992,0.9645628333091736
11760,37,168,0.07183846831321716,0.01637287437915802,0.11093119531869888,0.0,24.51569175720215,0.9520986676216125
11780,37,188,0.048838891088962555,0.010685589164495468,0.07630660384893417,0.0,28.71571922302246,0.9783396124839783
11800,37,208,0.07027345895767212,0.017743492498993874,0.10505992919206619,0.0,23.68568229675293,0.9557125568389893
11820,37,228,0.0553346686065197,0.011725162155926228,0.08721901476383209,0.0,31.70806884765625,0.980705201625824
11840,37,248,0.06046464294195175,0.012817144393920898,0.0952949970960617,0.0,28.223552703857422,0.9574636816978455
11860,37,268,0.05980471894145012,0.013149132020771503,0.09331117570400238,0.0,28.886615753173828,0.9696279168128967
11880,37,288,0.08623699098825455,0.02119203470647335,0.1300899088382721,0.0,24.959203720092773,0.9600479006767273
11900,37,308,0.12729597091674805,0.04388534277677536,0.16682124137878418,0.0,23.970947265625,0.9006609916687012
11920,38,6,0.07150064408779144,0.016002308577299118,0.11099666357040405,0.0,25.363632202148438,0.9579514861106873
11940,38,26,0.02431359700858593,0.005220671650022268,0.03818584978580475,0.0,34.783172607421875,0.9886100888252258
11960,38,46,0.06575702875852585,0.01495403703302145,0.10160598158836365,0.0,26.798492431640625,0.9668417572975159
11980,38,66,0.08234953880310059,0.033263470977544785,0.0981721431016922,0.0,25.627578735351562,0.9269269108772278
12000,38,86,0.03293401747941971,0.007164411246776581,0.051539212465286255,0.0,32.819461822509766,0.9845759272575378
12020,38,106,0.11554551124572754,0.021979110315442085,0.1871328055858612,0.0,24.452835083007812,0.9460516571998596
12040,38,126,0.040115151554346085,0.008263119496405125,0.06370406597852707,0.0,31.594663619995117,0.9872667789459229
12060,38,146,0.10285013914108276,0.02980043552815914,0.14609940350055695,0.0,23.34304428100586,0.9386906027793884
12080,38,166,0.07594460248947144,0.019195187836885452,0.11349882185459137,0.0,23.59508514404297,0.9564324021339417
12100,38,186,0.13149656355381012,0.0618237666785717,0.13934558629989624,0.0,23.566421508789062,0.8903221487998962
12120,38,206,0.04944557696580887,0.01114274375140667,0.0766056627035141,0.0,26.346601486206055,0.9719297289848328
12140,38,226,0.06957416981458664,0.018057001754641533,0.10303433239459991,0.0,29.290924072265625,0.9667765498161316
12160,38,246,0.05321924388408661,0.011504625901579857,0.0834292396903038,0.0,26.112380981445312,0.9591625332832336
12180,38,266,0.03661814332008362,0.008266329765319824,0.056703630834817886,0.0,31.933120727539062,0.9838457703590393
12200,38,286,0.11349035799503326,0.02948683872818947,0.1680070459842682,0.0,21.868764877319336,0.899280846118927
12220,38,306,0.04396846145391464,0.009221678599715233,0.06949356198310852,0.0,33.340179443359375,0.9846634268760681
12240,39,4,0.0598357617855072,0.013609113171696663,0.09245330095291138,0.0,33.721839904785156,0.9680876135826111
12260,39,24,0.06918825209140778,0.01843174919486046,0.10151301324367523,0.0,24.650814056396484,0.9538359642028809
12280,39,44,0.06101502478122711,0.01945381797850132,0.08312241733074188,0.0,25.004751205444336,0.9680889248847961
12300,39,64,0.09772542119026184,0.020255718380212784,0.1549394130706787,0.0,24.698230743408203,0.9468095898628235
12320,39,84,0.051607292145490646,0.010426659137010574,0.08236126601696014,0.0,28.45648193359375,0.9841504096984863
12340,39,104,0.04136408120393753,0.009187312796711922,0.06435354053974152,0.0,31.564067840576172,0.9823796153068542
12360,39,124,0.056227169930934906,0.012833785265684128,0.08678676933050156,0.0,33.600093841552734,0.9746446013450623
12380,39,144,0.05228202044963837,0.014926723204553127,0.07471059262752533,0.0,31.13789939880371,0.9641732573509216
12400,39,164,0.06174219772219658,0.013326874934136868,0.09683064371347427,0.0,26.967931747436523,0.970436155796051
12420,39,184,0.06450994312763214,0.01664317585527897,0.09573353826999664,0.0,24.226604461669922,0.9613133072853088
12440,39,204,0.0706428810954094,0.01701895333826542,0.10724785923957825,0.0,29.734968185424805,0.9654555320739746
12460,39,224,0.036445703357458115,0.007726260460913181,0.057438887655735016,0.0,34.664146423339844,0.9892894625663757
12480,39,244,0.07897336781024933,0.01857593283057213,0.1207948625087738,0.0,26.448301315307617,0.9436495304107666
12500,39,264,0.0951259583234787,0.024472448974847794,0.1413070261478424,0.0,21.791301727294922,0.9437887072563171
12520,39,284,0.03321772813796997,0.009280468337237835,0.04787451773881912,0.0,29.29707908630371,0.9822524189949036
12540,39,304,0.03795251622796059,0.00821704138070345,0.059470951557159424,0.0,31.100296020507812,0.9790639281272888
12560,40,2,0.04904315993189812,0.010835480876266956,0.07641535997390747,0.0,27.63446044921875,0.9729225635528564
12580,40,22,0.09353913366794586,0.02242550440132618,0.14222726225852966,0.0,22.272695541381836,0.9436924457550049
12600,40,42,0.08675364404916763,0.025849759578704834,0.1218077689409256,0.0,24.255666732788086,0.9215914607048035
12620,40,62,0.038762714713811874,0.008142895065248013,0.061239637434482574,0.0,31.592761993408203,0.985198438167572
12640,40,82,0.08336992561817169,0.019128168001770973,0.12848351895809174,0.0,24.19632339477539,0.9456130862236023
12660,40,102,0.04739940166473389,0.01413629949092865,0.06652620434761047,0.0,30.93573570251465,0.9700021147727966
12680,40,122,0.08853677660226822,0.02235201559960842,0.1323695182800293,0.0,21.675811767578125,0.9426780343055725
12700,40,142,0.050326503813266754,0.01064828597009182,0.07935643196105957,0.0,28.34847068786621,0.9824903607368469
12720,40,162,0.10476125776767731,0.03056507743895054,0.14839236438274384,0.0,23.58760643005371,0.9265877604484558
12740,40,182,0.03977299854159355,0.008191998116672039,0.06316199898719788,0.0,34.15604782104492,0.9875158667564392
12760,40,202,0.05393064022064209,0.012519104406237602,0.08282306790351868,0.0,25.845294952392578,0.9731757044792175
12780,40,222,0.0714666023850441,0.016269879415631294,0.11039344221353531,0.0,26.461231231689453,0.9614068865776062
12800,40,242,0.10830935090780258,0.04620011895895004,0.12421846389770508,0.0,21.595321655273438,0.9404428601264954
12820,40,262,0.046511948108673096,0.01073912251740694,0.07154565304517746,0.0,30.40944480895996,0.9834852814674377
12840,40,282,0.038963235914707184,0.008396221324801445,0.06113402545452118,0.0,37.455135345458984,0.9845067858695984
12860,40,302,0.07429615408182144,0.01563945785164833,0.11731339246034622,0.0,25.631858825683594,0.9693245887756348
12880,40,322,0.04311195760965347,0.008650187402963638,0.06892354041337967,0.0,28.197439193725586,0.9814408421516418
